漢字,ひらがな,ランク
商品別,しょうひんべつ,2
定価,ていか,2
計算表,けいさんひょう,2
商品名,しょうひんめい,2
仕入数,しいれすう,2
仕入額,しいれがく,2
利益率,りえきりつ,2
定価,ていか,2
合計,ごうけい,2
得意先別,とくいさきべつ,2
請求額,せいきゅうがく,2
一覧表,いちらんひょう,2
得意先名,とくいさきめい,2
販売数,はんばいすう,2
販売額,はんばいがく,2
値引率,ねびきりつ,2
評価,ひょうか,2
表検索,ひょうけんさく,2
条件,じょうけん,2
証明,しょうめい,2
井上商会,いのうえしょうかい,2
大木商事,おおきしょうじ,2
東洋百貨店,とうようひゃっかてん,2
南国食品,なんごくしょくひん,2
まこと物産,まことぶっさん,2
山田総業,やまだそうぎょう,2
久保田商店,くぼたしょうてん,2
金山水産,かなやますいさん,2
豊島薬局,としまやっきょく,2
深沢工務店,ふかざわこうむてん,2
相川物産,あいかわぶっさん,2
佐々木建設,ささきけんせつ,2
松尾興業,まつおこうぎょう,2
根本運輸,ねもとうんゆ,2
星野開発,ほしのかいはつ,2
